Fecha,Hotel,Color,Hab,Manager,Dia_Ocup,Dia_ADR,Dia_RevPAR,Dia_Lleg,Dia_Sal,Dia_Rev,Dia_Rooms,Dia_AyB,Dia_Rev_AA,Dia_Rooms_AA,Dia_AyB_AA,Mes_Ocup,Mes_ADR,Mes_RevPAR,Mes_Lleg,Mes_Rev,Mes_Rooms,Mes_AyB,Mes_Rev_AA,Mes_Rooms_AA,Mes_AyB_AA,AA_Ocup,AA_ADR,AA_RevPAR,Dia_Hab_Ocup,Dia_House_Use,Dia_Complimentary,Dia_Ocup_GTH,Mes_Hab_Ocup,Mes_House_Use,Mes_Complimentary,Mes_Ocup_GTH
24/06/2026,HJ Plaza La Ribera,#378ADD,104,Hotel Revenue,76.0,113395,80681,39,31,12190855,8391239,5744405,3844701,2614834,1131580,37.02,126400,44670,540,192878924,111485044,71928583,135067194,1009,2,30.39,84349,25636,76,0,2,71.15,924,23,19,35.34
24/06/2026,Howard Johnson Cariló,#1D9E75,120,Tomas Coronel,2.56,136364,1132,1,0,271983,136364,135620,331033,198347,132686,6.02,126531,4618,96,28873774,15057228,11126298,44135449,27791590,13475037,3.45,66116,2280,4,1,2,0.83,196,27,50,3.65
24/06/2026,Soho Park,#D85A30,43,Noelia Gerbaudo,100.0,92262,92262,24,16,4193700,3967254,77025,0,0,0,62.89,92839,57040,369,66915612,59045909,5849537,0,0,0,0.0,0,0,43,0,0,100.0,651,2,13,61.44
24/06/2026,HJ Bahia Blanca,#8B6914,79,Verónica Sosa,65.38,118493,76499,39,6,7183486,6043155,1140331,0,0,0,17.46,126880,18309,234,54300857,36795328,13049167,0,0,0,0.0,0,0,51,0,0,64.56,351,29,32,14.43
23/06/2026,HJ Plaza La Ribera,#378ADD,104,Hotel Revenue,67.33,107128,72125,31,8,10380193,7284673,928760,1975143,1374349,66620,35.35,124962,44170,501,180688069,103093805,66184178,131222492,42856,146128,20.59,65445,13474,0,0,0,0.0,0,0,0,0
23/06/2026,Howard Johnson Cariló,#1D9E75,120,K007,1.71,97.37,1.67,0,0,11012,0,0,0,0,0,6.17,92.68,5.71,95,28601790,172300,5545,89885,14920865,10990678,15.68,83.16,13.05,2,0,0,1.67,0,0,0,0
23/06/2026,Soho Park,#D85A30,43,Brenda Rapetti,81.4,89822,73111,15,16,3215415,3143762,47934,0,0,0,61.27,90889,55691,345,62721912,55078656,5772513,0,0,0,0.0,0,0,0,0,0,0.0,0,0,0,0
23/06/2026,HJ Bahia Blanca,#8B6914,79,Verónica Sosa,23.08,118111,0,11,1,2842122,0,716116,0,0,0,15.35,113477,17413,195,47117371,30752171,11908836,0,0,0,0.0,0,0,18,0,0,22.78,0,0,0,0
22/06/2026,HJ Plaza La Ribera,#378ADD,104,Hotel Revenue,44.55,107699,47985,42,7,7388685,4846454,2516612,1625946,1186088,383388,33.9,126564,42906,470,170307876,95809132,65255417,129247349,43028,147374,14.71,79073,11628,0,0,0,0.0,0,0,0,0
22/06/2026,Howard Johnson Cariló,#1D9E75,120,Juana Gimenez,1.71,149793,2561,0,1,353058,299587,53471,1285682,701304,277079,6.37,90981,5797,95,28579765,14920865,10968653,43204581,27243573,13162434,7.55,87663,6616,0,0,0,0.0,0,0,0,0
22/06/2026,Soho Park,#D85A30,43,Julieta Pereyra,83.72,88194,73836,32,11,3516290,3174968,100661,0,0,0,60.36,90954,54899,330,59506497,51934893,5724579,0,0,0,0.0,0,0,0,0,0,0.0,0,0,0,0
22/06/2026,HJ Bahia Blanca,#8B6914,79,Verónica Sosa,10.26,136853,0,7,3,5743002,0,388182,0,0,0,14.99,113147,16959,184,44275248,28626164,11192721,0,0,0,0.0,0,0,8,0,0,10.13,0,0,0,0
21/06/2026,HJ Plaza La Ribera,#378ADD,104,Hotel Revenue,9.0,111495,10035,4,20,3305753,1003459,2276674,6312635,3619675,2540662,33.4,127757,42665,428,162919190,90962678,62738806,127621404,43214,148053,40.59,88285,35838,0,0,0,0.0,0,0,0,0
21/06/2026,Howard Johnson Cariló,#1D9E75,120,Noelia Gonzalez,2.56,135606,148760,1,9,406818,0,0,6938802,4245289,2181529,6.59,90255,5951,95,28226707,14621278,10915182,41918899,26542270,12885355,50.44,74479,37569,0,0,0,0.0,0,0,0,0
21/06/2026,Soho Park,#D85A30,43,Julieta Pereyra,34.88,97454,33996,11,32,1480408,1461813,18595,0,0,0,59.25,91140,53998,298,55990207,48759925,5623918,0,0,0,0.0,0,0,0,0,0,0.0,0,0,0,0
21/06/2026,HJ Bahia Blanca,#8B6914,79,Verónica Sosa,5.13,83125,0,1,17,779318,0,446818,0,0,0,15.22,112373,17100,177,38532246,27531343,10804539,0,0,0,0.0,0,0,4,0,0,5.06,0,0,0,0
20/06/2026,HJ Plaza La Ribera,#378ADD,104,Hotel Revenue,25.0,125438,31360,13,25,5312499,3135957,1907686,8800087,5640001,2846769,34.6,127965,44271,424,159613437,89959219,60462132,121308769,43257,147757,60.58,89524,54231,0,0,0,0.0,0,0,0,0
20/06/2026,Howard Johnson Cariló,#1D9E75,120,Noelia Gonzalez,9.4,101709,9562,3,1,1521261,1118798,342752,6183580,3593526,1896694,6.79,91022,6185,94,27819889,14472517,10772826,34980097,22296981,10703826,39.47,79856,31522,0,0,0,0.0,0,0,0,0
20/06/2026,HJ Bahia Blanca,#8B6914,79,María Luz Carletti,24.36,125895,30667,18,4,3889648,0,1497645,0,0,0,15.73,112858,17754,176,37752928,27198843,10357721,0,0,0,0.0,0,0,20,1,0,24.05,0,0,0,0
20/06/2026,Soho Park,#D85A30,43,Noelia Gerbaudo,83.72,270000,270000,18,7,3475303,0,22,0,0,0,60.47,90958,54998,287,54509799,47298113,5605323,0,0,0,0.0,0,0,0,0,0,0.0,0,0,0,0
19/06/2026,HJ Plaza La Ribera,#378ADD,104,Hotel Revenue,37.0,135755,50229,26,25,10258093,5022936,4293471,10311075,4311758,5558577,35.09,128058,44940,411,154300939,86823262,58554446,112508682,43190,148428,46.15,89828,41459,0,0,0,0.0,0,0,0,0
19/06/2026,Howard Johnson Cariló,#1D9E75,120,Noelia Gonzalez,7.69,97296,7484,6,1,1052536,875668,176868,2234000,1328512,599702,6.66,90228,6007,91,26298629,13353719,10430074,28796517,18703455,8807132,18.42,63263,11654,0,0,0,0.0,0,0,0,0
19/06/2026,Soho Park,#D85A30,43,Noelia Gerbaudo,58.14,86410,50239,12,21,2239928,2160258,39669,0,0,0,59.24,91009,53915,269,51034496,44048264,5529868,0,0,0,0.0,0,0,0,0,0,0.0,0,0,0,0
19/06/2026,HJ Bahia Blanca,#8B6914,79,María Luz Carletti,7.69,121298,9331,6,2,1081959,0,354174,0,0,0,15.27,111743,17061,158,33863280,24806840,8860076,0,0,0,0.0,0,0,6,0,0,7.59,0,0,0,0
18/06/2026,HJ Plaza La Ribera,#378ADD,104,Hotel Revenue,36.0,231405,438430,13,15,2128306,1,14,6380489,3969401,2056364,34.99,127614,44651,385,144042846,81800326,54260975,102197608,43201,143940,37.25,104458,38916,0,0,0,0.0,0,0,0,0
18/06/2026,Soho Park,#D85A30,43,Noelia Gerbaudo,79.07,85210,67375,23,23,3159828,2897129,159393,0,0,0,59.3,91259,54119,257,48794568,41888006,5490199,0,0,0,0.0,0,0,0,0,0,0.0,0,0,0,0
18/06/2026,HJ Bahia Blanca,#8B6914,79,María Luz Carletti,2.56,219628,5631,2,8,827107,0,387851,0,0,0,15.7,111477,17499,152,32781320,24079054,8505903,0,0,0,0.0,0,0,2,0,0,2.53,0,0,0,0
18/06/2026,Howard Johnson Cariló,#1D9E75,120,Noelia Gonzalez,3.42,59746,2043,2,1,283282,238984,44298,286584,0,0,6.6,89770,5925,85,25246093,12478052,10253207,26562517,17374942,8207430,3.51,71646,154353,0,0,0,0.0,0,0,0,0
17/06/2026,HJ Plaza La Ribera,#378ADD,104,Jessica Juroczko,38.0,177131,67310,16,18,11916147,6730982,2127314,5013548,2498506,1888273,34.93,129368,45189,372,141914540,78267516,52822380,95817118,43227,142585,24.51,99940,24495,0,0,0,0.0,0,0,0,0
17/06/2026,Soho Park,#D85A30,43,Dalma Soria,76.74,91279,70052,17,17,4284324,3012216,1110207,0,0,0,58.14,91743,53339,234,45634741,38990877,5330806,0,0,0,0.0,0,0,0,0,0,0.0,0,0,0,0
17/06/2026,HJ Bahia Blanca,#8B6914,79,María Luz Carletti,10.26,125904,12913,5,4,1268056,0,260826,0,0,0,16.49,110466,18212,150,31954213,23639798,8118051,0,0,0,0.0,0,0,8,0,0,10.13,0,0,0,0
17/06/2026,Howard Johnson Cariló,#1D9E75,120,K007,1.71,96.49,1.65,0,1,9422,120,0,0,0,0,92.00,92.00,83.56,83,869835,2040,51,6153,90660,12239067,85.40,13.35,11.41,3,0,0,2.5,0,0,0,0
16/06/2026,HJ Plaza La Ribera,#378ADD,104,Jessica Juroczko,40.0,120876,48350,14,8,6664467,4835046,1489174,2540935,1686141,783720,34.74,126167,43834,356,129998393,71536534,50695066,90803571,43340,140346,17.82,93674,16694,0,0,0,0.0,0,0,0,0
16/06/2026,Howard Johnson Cariló,#1D9E75,120,Alessandro Catalini,2.56,81295,115702,1,1,243884,0,0,534959,421488,113471,7.1,92023,6538,83,24943968,12239067,10190066,25566209,16614915,8103380,5.22,70248,3665,0,0,0,0.0,0,0,0,0
16/06/2026,Soho Park,#D85A30,43,Dalma Soria,79.07,71033,0,25,19,3259396,13,18,0,0,0,56.98,91782,52295,217,41350417,35978661,4220599,0,0,0,0.0,0,0,0,0,0,0.0,0,0,0,0
16/06/2026,HJ Bahia Blanca,#8B6914,79,María Luz Carletti,8.86,124187,11004,6,3,1349618,0,480306,0,0,0,16.89,109867,18551,145,30686158,22632569,7857225,0,0,0,0.0,0,0,7,0,0,8.86,0,0,0,0
15/06/2026,HJ Plaza La Ribera,#378ADD,104,Jessica Juroczko,34.0,123042,41834,21,15,6280427,4183443,2059793,4688319,2195600,2488587,34.4,126568,43539,342,123333926,66701488,49205893,88262635,43502,140322,20.79,104552,21739,0,0,0,0.0,0,0,0,0
15/06/2026,Howard Johnson Cariló,#1D9E75,120,Alessandro Catalini,2.56,75551,126446,1,16,226653,0,0,3410264,2387289,894876,7.41,93257,6908,82,24700084,12123365,10061884,25031250,16193427,7989909,26.09,79576,20759,0,0,0,0.0,0,0,0,0
15/06/2026,Soho Park,#D85A30,43,Brenda Rapetti,65.12,88082,57355,21,12,2554301,2466284,88017,0,0,0,55.5,91647,50868,192,38091021,32809761,4167294,0,0,0,0.0,0,0,0,0,0,0.0,0,0,0,0
15/06/2026,HJ Bahia Blanca,#8B6914,79,María Luz Carletti,3.8,158624,6024,4,11,760500,0,284628,0,0,0,17.44,109363,19074,139,29336540,21763257,7376919,0,0,0,0.0,0,0,4,1,0,3.8,0,0,0,0
14/06/2026,HJ Plaza La Ribera,#378ADD,104,Hotel Revenue,27.45,131000,35961,16,62,5253789,3668004,1532066,7188919,4436791,2529423,34.43,126811,43658,321,117053499,62518045,47146099,83574316,43634,137458,44.55,98595,43929,0,0,0,0.0,0,0,0,0
14/06/2026,Howard Johnson Cariló,#1D9E75,120,Alessandro Catalini,16.24,107946,17530,3,2,3097163,2050965,701983,3958898,2270099,1449769,7.75,94464,7324,81,24473431,11996918,10014364,21620986,13806138,7095033,30.43,64860,19740,0,0,0,0.0,0,0,0,0
14/06/2026,Soho Park,#D85A30,43,Brenda Rapetti,44.19,148760,152479,8,20,1770939,0,13,0,0,0,54.82,91950,50404,171,35536720,30343476,4079277,0,0,0,0.0,0,0,0,0,0,0.0,0,0,0,0
14/06/2026,HJ Bahia Blanca,#8B6914,79,Micaela Piñeiro,14.08,111243,0,5,11,1809245,0,696820,0,0,0,18.46,108609,20045,135,28576040,21287386,7092291,0,0,0,0.0,0,0,11,1,0,12.66,0,0,0,0
13/06/2026,HJ Plaza La Ribera,#378ADD,104,Hotel Revenue,72.28,126358,91328,46,20,20472074,9224160,9638033,6583777,3767122,2634216,34.96,126559,44248,305,111799710,58850041,45614033,76385397,43632,135676,37.62,99135,37298,0,0,0,0.0,0,0,0,0
13/06/2026,Howard Johnson Cariló,#1D9E75,120,Noelia Gonzalez,15.38,104852,16131,15,2,2219602,1887329,332273,2005485,1168253,777521,7.1,92092,6539,78,21376267,9945953,9312380,17662088,11536039,5645264,12.17,83447,10159,0,0,0,0.0,0,0,0,0
13/06/2026,Soho Park,#D85A30,43,Noelia Gerbaudo,72.09,89945,64844,25,6,3450861,2788299,629504,0,0,0,55.64,91940,51151,163,33765781,28593199,4058616,0,0,0,0.0,0,0,0,0,0,0.0,0,0,0,0
13/06/2026,HJ Bahia Blanca,#8B6914,79,Micaela Piñeiro,22.54,132300,0,16,6,2516555,0,399752,0,0,0,18.77,108468,20358,130,26766795,20174960,6395471,0,0,0,0.0,0,0,17,1,0,20.25,0,0,0,0
12/06/2026,HJ Plaza La Ribera,#378ADD,104,Hotel Revenue,47.52,128451,61046,33,27,13321309,6165640,5730702,6391159,4329225,1757967,31.9,126597,40379,259,91327636,49625881,35976000,69801621,43672,132955,43.14,98391,42443,0,0,0,0.0,0,0,0,0
12/06/2026,Howard Johnson Cariló,#1D9E75,120,Noelia Gonzalez,4.27,81811,3496,5,36,1516516,409057,284959,2857025,2716033,70744,6.41,89540,5740,63,19156666,8058624,8980107,15656603,10367785,4867744,23.28,100594,23414,0,0,0,0.0,0,0,0,0
12/06/2026,Soho Park,#D85A30,43,Brenda Rapetti,27.91,80171,22373,7,21,1060983,962058,70000,0,0,0,54.26,92160,50009,138,30314920,25804899,3429112,0,0,0,0.0,0,0,0,0,0,0.0,0,0,0,0
12/06/2026,HJ Bahia Blanca,#8B6914,79,Micaela Piñeiro,8.11,151662,0,4,10,1638212,0,568240,0,0,0,18.48,106224,19628,114,24250240,18058157,5995719,0,0,0,0.0,0,0,7,1,0,7.59,0,0,0,0
11/06/2026,HJ Plaza La Ribera,#378ADD,104,Hotel Revenue,41.18,122906,50608,27,10,7427349,5162063,2140165,6148144,5049094,1072603,30.5,126338,38529,226,78006327,43460241,30245297,63410462,42446239,19788277,52.43,93502,49020,0,0,0,0.0,0,0,0,0
11/06/2026,Howard Johnson Cariló,#1D9E75,120,Noelia Gonzalez,30.77,106944,32906,37,4,12383558,3850000,7711058,6273099,3008264,3264835,6.6,89995,5944,58,17640150,7649567,8695149,12799579,7651752,4797000,26.72,97041,25933,0,0,0,0.0,0,0,0,0
11/06/2026,Soho Park,#D85A30,43,Brenda Rapetti,60.47,91040,55047,9,12,2426538,2367034,42975,0,0,0,56.66,92697,52522,131,29253937,24842842,3359112,0,0,0,0.0,0,0,0,0,0,0.0,0,0,0,0
11/06/2026,HJ Bahia Blanca,#8B6914,79,Micaela Piñeiro,16.67,130195,0,5,12,1993411,0,394711,0,0,0,19.39,104562,20270,110,22612028,17148185,5427479,0,0,0,0.0,0,0,13,1,0,15.19,0,0,0,0
10/06/2026,HJ Plaza La Ribera,#378ADD,104,Jessica Juroczko,24.51,115042,28197,16,14,4513158,2876050,1611488,4459780,3235647,1144132,29.43,126815,37328,199,70578978,38298178,28105132,57262318,43645,134104,32.35,98050,31722,0,0,0,0.0,0,0,0,0
10/06/2026,Howard Johnson Cariló,#1D9E75,120,Noelia Gonzalez,2.56,90909,2331,2,1,540992,272727,127769,330165,0,0,4.19,77542,3247,21,5256592,3799567,984091,6526479,4643488,1532165,4.27,66033,227273,0,0,0,0.0,0,0,0,0
10/06/2026,Soho Park,#D85A30,43,Brenda Rapetti,67.44,86902,58608,7,10,2614360,2520145,61157,0,0,0,56.28,92875,52269,122,26827399,22475808,3316136,0,0,0,0.0,0,0,0,0,0,0.0,0,0,0,0
10/06/2026,HJ Bahia Blanca,#8B6914,79,Micaela Piñeiro,26.39,146762,0,9,33,3553272,0,764793,0,0,0,19.64,102538,20137,105,20618617,15585848,5032769,0,0,0,0.0,0,0,20,1,0,24.05,0,0,0,0
09/06/2026,HJ Plaza La Ribera,#378ADD,104,Jessica Juroczko,22.55,136265,30726,13,13,5532377,3134089,1940165,5081246,3835432,1148636,29.98,127878,38336,183,66065821,35422128,26493645,52802539,43721,134017,36.89,100932,37237,0,0,0,0.0,0,0,0,0
09/06/2026,Howard Johnson Cariló,#1D9E75,120,Noelia Gonzalez,1.71,117231,0,0,7,234463,0,0,525372,0,0,4.37,76670,3349,19,4715600,3526840,856322,6196314,4416215,1434645,7.06,87562,235785,0,0,0,0.0,0,0,0,0
09/06/2026,Soho Park,#D85A30,43,Brenda Rapetti,74.42,86567,64422,20,7,2897088,2770145,44298,0,0,0,55.04,93689,51565,115,24213039,19955663,3254979,0,0,0,0.0,0,0,0,0,0,0.0,0,0,0,0
09/06/2026,HJ Bahia Blanca,#8B6914,79,Melisa Acosta,46.67,66891,0,21,8,2969786,2341190,628595,0,0,0,18.95,96221,18230,96,17065345,12797370,4267975,0,0,0,0.0,0,0,44,9,0,44.3,0,0,0,0
08/06/2026,HJ Plaza La Ribera,#378ADD,104,Jessica Juroczko,22.55,129421,29183,20,9,4126427,2976675,1076529,5830084,0,24,30.9,127118,39280,170,60533444,32288039,24553479,47721292,43763,134049,31.73,93750,165651,0,0,0,0,0,0,0,0
08/06/2026,Howard Johnson Cariló,#1D9E75,120,Noelia Gonzalez,7.69,103131,7933,7,2,991240,928182,63058,776446,0,0,4.7,80155,3768,19,4481137,3526840,754091,5670942,4180430,1260760,9.2,97056,280165,0,0,0,0,0,0,0,0
08/06/2026,Soho Park,#D85A30,43,Noelia Gerbaudo,44.19,89577,39581,12,9,1797997,1701964,35785,0,0,0,52.62,94948,49958,95,21315951,17185517,3210682,0,0,0,0.0,0,0,0,0,0,0,0,0,0,0
08/06/2026,HJ Bahia Blanca,#8B6914,79,Verónica Sosa,32.89,48634,0,28,6,1782128,1215847,566281,0,0,0,15.63,106696,16677,75,14095560,10456179,3639380,0,0,0,0.0,0,0,0,0,0,0,0,0,0,0
07/06/2026,HJ Plaza La Ribera,#378ADD,104,Jessica Juroczko,11.76,115852,13630,6,58,5596918,1390224,4194298,9715263,6766606,2828541,32.08,126889,40710,150,56407017,29311364,23476950,41891208,43848,129694,65.69,100994,66339,0,0,0,0,0,0,0,0
07/06/2026,Howard Johnson Cariló,#1D9E75,120,Noelia Gonzalez,3.42,63068,2156,0,5,420000,252273,108017,2343719,1772727,566033,4.27,74247,3173,12,3489898,2598658,691033,4894496,3900264,940099,27.47,70909,19481,0,0,0,0,0,0,0,0
07/06/2026,Soho Park,#D85A30,43,Julieta Pereyra,37.21,93537,34804,5,13,1630143,1496589,26116,0,0,0,53.82,95577,51440,83,19517954,15483553,3174897,0,0,0,0.0,0,0,0,0,0,0,0,0,0,0
07/06/2026,HJ Bahia Blanca,#8B6914,79,María Luz Carletti,7.69,118994,9153,5,9,1027846,713962,313884,0,0,0,13.25,126580,16770,47,12313431,9240332,3073099,0,0,0,0.0,0,0,0,0,0,0,0,0,0,0
06/06/2026,HJ Plaza La Ribera,#378ADD,104,Jessica Juroczko,61.17,123329,75434,49,23,16813960,7769743,7277769,3691279,1989709,1563471,35.44,127494,45180,144,50810099,27921140,19282653,32175945,20365403,11028183,42.04,94748,33441,0,0,0,0,0,0,0,0
06/06/2026,Howard Johnson Cariló,#1D9E75,120,Juana Gimenez,7.69,101935,7841,6,1,1129319,917418,211901,1146380,972727,173653,4.42,75690,3342,12,3069898,2346385,583017,2550777,2127537,374066,5.91,81061,4333,0,0,0,0,0,0,0,0
06/06/2026,Soho Park,#D85A30,43,Dalma Soria,55.81,100456,56069,15,14,4501947,2410955,1473141,0,0,0,56.59,95801,54213,78,17887811,13986964,3148781,0,0,0,0,0,0,0,0,0,0,0,0,0,0
06/06/2026,HJ Bahia Blanca,#8B6914,79,Verónica Sosa,14.10,123848,17466,7,5,2025390,1362332,663058,0,0,0,14.16,127259,18026,42,11285585,8526370,2759215,0,0,0,0,0,0,0,0,0,0,0,0,0,0
05/06/2026,HJ Plaza La Ribera,#378ADD,104,Maria Emilia Pourcel,36.89,137874,50866,28,23,12913750,5239216,6344802,6885295,4749781,1990745,30.29,129176,39129,95,33996139,20151397,12004884,28484667,18375694,9464711,59.41,79163,47028,0,0,0,0,0,0,0,0
05/06/2026,Howard Johnson Cariló,#1D9E75,120,Tomas Coronel,3.42,68182,2331,1,1,309091,272727,36364,566661,414182,152479,3.76,64953,2443,6,1940579,1428967,371116,1404397,1154810,200413,5.88,82836,4873,0,0,0,0,0,0,0,0
05/06/2026,Soho Park,#D85A30,43,Dalma Soria,53.49,93102,49799,19,15,2172344,2141352,30579,0,0,0,56.74,94885,53842,63,13385864,11576009,1675641,0,0,0,0,0,0,0,0,0,0,0,0,0,0
05/06/2026,HJ Bahia Blanca,#8B6914,79,Rosa Terrazas,12.66,127206,16102,6,6,1808633,1272063,536570,0,0,0,14.18,127929,18137,35,9260195,7164038,2096157,0,0,0,0,0,0,0,0,0,0,0,0,0,0
04/06/2026,HJ Plaza La Ribera,#378ADD,104,Marisol Zabala,31.73,128262,40699,17,19,5716492,4232649,1458223,6924080,3952098,2762535,28.64,126374,36195,67,21082390,14912181,5660083,21599372,13625913,7473966,52.94,73187,38746,0,0,0,0,0,0,0,0
04/06/2026,Howard Johnson Cariló,#1D9E75,120,Soledad Luengo,3.42,61591,2106,1,3,603430,246364,216570,151207,141455,9752,3.85,64236,2471,6,1631488,1156240,334752,837736,740628,47934,2.67,70727,1886,0,0,0,0,0,0,0,0
04/06/2026,Soho Park,#D85A30,43,Dalma Soria,44.19,78900,34863,12,28,2172344,2141352,30579,0,0,0,54.11,88442,47854,51,67500898,61732189,4697761,0,0,0,0,0,0,0,0,0,0,0,0,0,0
04/06/2026,HJ Bahia Blanca,#8B6914,79,Verónica Sosa,12.66,125339,15866,3,12,1756032,1253388,502644,0,0,0,14.56,128086,18645,29,7451562,5891975,1559587,0,0,0,0,0,0,0,0,0,0,0,0,0,0
03/06/2026,HJ Plaza La Ribera,#378ADD,104,Marisol Zabala,33.65,129990,43747,20,14,6716378,4549642,1900537,6925729,4342628,2406655,27.60,125642,34674,50,15365898,10679533,4201859,14675292,9673815,4711431,56.86,74873,42575,0,0,0,0,0,0,0,0
03/06/2026,Howard Johnson Cariló,#1D9E75,120,Soledad Luengo,5.13,74318,3811,2,0,519463,445909,73554,355124,342975,20826,3.99,64991,2592,4,1028058,909876,118182,686529,599174,38182,6.76,68595,4635,0,0,0,0,0,0,0,0
03/06/2026,Soho Park,#D85A30,43,Dalma Soria,44.19,78900,34863,12,28,2172344,2141352,30579,0,0,0,54.11,88442,47854,51,67500898,61732189,4697761,0,0,0,0,0,0,0,0,0,0,0,0,0,0
03/06/2026,HJ Bahia Blanca,#8B6914,79,Verónica Sosa,25.32,129728,32843,18,6,3024484,2594566,429917,0,0,0,15.19,128850,19572,26,5695530,4638587,1056943,0,0,0,0,0,0,0,0,0,0,0,0,0,0
02/06/2026,HJ Plaza La Ribera,#378ADD,104,Marisol Zabala,28.43,124563,35415,14,6,5071371,3612320,1240744,4336078,3296863,1039215,24.51,122598,30048,30,8649520,6129890,2301322,7749563,5331186,2304777,41.58,78497,32642,0,0,0,0,0,0,0,0
02/06/2026,Howard Johnson Cariló,#1D9E75,120,Soledad Luengo,3.42,60992,2085,0,0,261405,243967,17438,223141,165289,0,3.42,57996,1983,2,508595,463967,44628,331405,256198,17355,2.33,82645,1922,0,0,0,0,0,0,0,0
02/06/2026,HJ Bahia Blanca,#8B6914,79,Verónica Sosa,10.13,117618,11911,1,1,1209704,940943,268760,0,0,0,10.13,127751,12937,8,2671046,2044021,627026,0,0,0,0,0,0,0,0,0,0,0,0,0,0
02/06/2026,Soho Park,#D85A30,43,Esteban Gonzalez,67.44,89139,60117,15,7,3268760,2585041,650661,0,0,0,58.14,100933,58682,27,6679997,5046671,1571343,0,0,0,0.0,0,0,0,0,0,0.0,0,0,0,0
01/06/2026,HJ Plaza La Ribera,#378ADD,104,Marisol Zabala,20.59,119884,24682,16,8,3578149,2517570,1060579,3413485,2034323,1265562,20.59,119884,24682,16,3578149,2517570,1060579,3413485,2034323,1265562,20.59,96873,19944,0,0,0,0,0,0,0,0
01/06/2026,Howard Johnson Cariló,#1D9E75,120,Soledad Luengo,3.42,55000,1880,2,2,247190,220000,27190,108264,90909,17355,3.42,55000,1880,2,247190,220000,27190,108264,90909,17355,3.49,30303,1057,0,0,0,0,0,0,0,0
01/06/2026,HJ Bahia Blanca,#8B6914,79,Verónica Sosa,10.13,137885,13963,7,2,1461343,1103077,358265,0,0,0,10.13,137885,13963,7,1461343,1103077,358265,0,0,0,0,0,0,0,0,0,0,0,0,0,0
01/06/2026,Soho Park,#D85A30,43,Esteban Gonzalez,48.84,117220,57247,12,12,3411237,2461630,920682,0,0,0,48.84,117220,57247,12,3411237,2461630,920682,0,0,0,0.0,0,0,0,0,0,0.0,0,0,0,0
31/05/2026,HJ Plaza La Ribera,#378ADD,104,Marisol Zabala,12.75,121205,15448,8,20,1855211,1575665,279545,8067333,4781986,2938322,32.43,163074,52883,664,372593901,167639820,181878851,187973224,115361034,68024466,46.08,101744,46882,0,0,0,0,0,0,0,0
31/05/2026,Howard Johnson Cariló,#1D9E75,120,Soledad Luengo,2.56,150692,136904,0,48,452077,0,0,2651191,1739704,656116,15.05,109195,16429,366,248949062,59948081,165652014,61623729,25343472,34403579,22.09,91563,20229,0,0,0,0.0,0,0,0,0
31/05/2026,Soho Park,#D85A30,43,Esteban Gonzalez,48.84,105905,51721,15,23,2239300,2224011,15289,0,0,0,69.32,95838,66432,530,104621677,88554080,13473814,0,0,0,0.0,0,0,0,0,0,0.0,0,0,0,0
31/05/2026,HJ Bahia Blanca,#8B6914,79,Verónica Sosa,3.8,107802,0,1,3,522579,0,199174,0,0,0,2.59,122007,3158,54,12027034,7686412,4340622,0,0,0,0.0,0,0,3,0,0,3.8,0,0,0,0
30/05/2026,HJ Plaza La Ribera,#378ADD,104,Marisol Zabala,24.51,129147,31654,16,9,5103027,3228666,1713471,4394256,2647655,1708395,33.08,163610,54128,656,370738690,166064155,181599306,179905891,110579048,65086144,32.04,80232,25705,0,0,0,0.0,0,0,0,0
30/05/2026,Howard Johnson Cariló,#1D9E75,120,Soledad Luengo,42.74,48902,20898,38,0,32611860,2445083,30182273,2210117,1466977,733223,15.46,109544,16934,366,248496985,59811177,165469072,58972537,23603768,33747463,18.6,91686,17058,0,0,0,0.0,0,0,0,0
30/05/2026,Soho Park,#D85A30,43,Esteban Gonzalez,65.12,113081,73634,22,22,3197257,3166266,30992,0,0,0,70.0,95604,66923,515,102382376,86330068,13458525,0,0,0,0.0,0,0,0,0,0,0.0,0,0,0,0
30/05/2026,HJ Bahia Blanca,#8B6914,79,Verónica Sosa,6.33,107445,0,4,8,1001895,0,464669,0,0,0,2.55,122717,3127,53,11504455,7363006,4141449,0,0,0,0.0,0,0,5,0,0,6.33,0,0,0,0
29/05/2026,HJ Plaza La Ribera,#378ADD,104,Marisol Zabala,17.65,143516,25326,10,34,3868254,2583295,1161983,6382190,0,19,33.38,164480,54901,640,365635664,162835489,179885835,175511634,107931393,63377748,45.63,384000,461000,0,0,0,0.0,0,0,0,0
29/05/2026,Howard Johnson Cariló,#1D9E75,120,Soledad Luengo,10.26,53681,272727,8,4,644174,0,0,764857,421662,206446,14.52,115657,16798,328,215885125,57366095,135286799,56762420,22136792,33014240,8.14,60237,4903,0,0,0,0.0,0,0,0,0
29/05/2026,Soho Park,#D85A30,43,Esteban Gonzalez,67.44,96369,64993,16,23,3001305,2794693,20661,0,0,0,70.17,95044,66691,493,99185119,83163803,13427533,0,0,0,0.0,0,0,0,0,0,0.0,0,0,0,0
29/05/2026,HJ Bahia Blanca,#8B6914,79,Verónica Sosa,11.39,117694,0,8,7,1171725,0,112479,0,0,0,2.42,124105,2999,49,10502561,6825781,3676779,0,0,0,0.0,0,0,9,0,0,11.39,0,0,0,0
28/05/2026,HJ Plaza La Ribera,#378ADD,104,Marisol Zabala,40.78,120517,49143,19,34,7994214,5061693,2702521,8896197,5415181,3366322,33.94,164869,55954,630,361767410,160252194,178723851,169129445,103311575,62173864,64.36,83310,53616,0,0,0,0,0,0,0,0
28/05/2026,Howard Johnson Cariló,#1D9E75,120,Soledad Luengo,7.69,109346,8411,7,2,1086347,984116,67107,1005207,155455,849752,14.68,117962,17312,320,215240952,57093367,134961841,55997563,21715130,32807793,2.33,77727,1808,0,0,0,0.0,0,0,0,0
28/05/2026,Soho Park,#D85A30,43,Esteban Gonzalez,83.72,88953,74473,19,17,3249432,3202324,47107,0,0,0,70.27,94999,66752,477,96183814,80369109,13406872,0,0,0,0.0,0,0,0,0,0,0.0,0,0,0,0
28/05/2026,HJ Bahia Blanca,#8B6914,79,Verónica Sosa,8.86,122421,0,4,5,1121245,0,264298,0,0,0,2.09,125359,2625,41,9330835,5766535,3564300,0,0,0,0.0,0,0,7,0,0,8.86,0,0,0,0
27/05/2026,HJ Plaza La Ribera,#378ADD,104,Marisol Zabala,55.88,121172,67714,29,17,9588550,6906814,2630496,8451382,5616093,2585703,33.68,166872,56208,611,353773196,155190500,176021331,160233247,97896395,58807542,67.96,80230,54525,0,0,0,0.0,0,0,0,0
27/05/2026,Howard Johnson Cariló,#1D9E75,120,Soledad Luengo,3.42,336483,11504,2,2,1358412,1345933,12479,239174,229835,9339,14.93,118125,17639,313,214154605,56109252,134894733,54992356,21559676,31958041,3.49,76612,2673,0,0,0,0.0,0,0,0,0
27/05/2026,Soho Park,#D85A30,43,Esteban Gonzalez,79.07,87833,69449,24,18,4463318,2986312,761157,0,0,0,69.77,95268,66466,458,92934382,77166785,13359765,0,0,0,0.0,0,0,0,0,0,0.0,0,0,0,0
27/05/2026,HJ Bahia Blanca,#8B6914,79,Verónica Sosa,8.86,94863,0,8,0,1237679,0,573636,0,0,0,1.84,125887,2318,37,8209590,4909588,3300003,0,0,0,0.0,0,0,9,2,0,8.86,0,0,0,0
26/05/2026,HJ Plaza La Ribera,#378ADD,104,Marisol Zabala,43.69,126261,55162,27,16,7759672,5681730,1326364,4451033,3176529,1240620,32.83,169855,55767,582,344184646,148283686,173390835,151781865,92280302,56221839,37.25,83593,31142,0,0,0,0.0,0,0,0,0
26/05/2026,Howard Johnson Cariló,#1D9E75,120,Soledad Luengo,3.42,61984,2119,0,5,409959,247934,162025,185496,110000,24917,15.37,116270,17873,311,212796192,54763318,134882254,54753183,21329841,31948702,1.16,110000,1279,0,0,0,0.0,0,0,0,0
26/05/2026,Soho Park,#D85A30,43,Esteban Gonzalez,65.12,250000,0,17,3,2286054,0,6,0,0,0,69.41,95593,66351,434,88471064,74180473,12598608,0,0,0,0.0,0,0,0,0,0,0.0,0,0,0,0
26/05/2026,HJ Bahia Blanca,#8B6914,79,Manager,98.68,0.00,0.00,1,0,0,0,0,0,0,0,98.22,1.57,0.00,29,6971911,4245545,0,132673,0,0,99.57,0.38,0.00,76,0,0,96.20,0,0,0,0
25/05/2026,HJ Plaza La Ribera,#378ADD,104,Maria Emilia Pourcel,33.33,122385,40795,22,42,12444476,4161088,8281736,5553425,2885379,2354545,32.39,172225,55791,555,336424975,142601957,172064471,147330832,89103773,54981219,36.27,77983,28288,0,0,0,0,0,0,0,0
25/05/2026,Howard Johnson Cariló,#1D9E75,120,Noelia Gonzalez,7.69,117488,9038,4,20,769091,500000,269091,0,0,0,15.85,116735,18499,143,212386233,54515384,134720229,0,0,0,0,0,0,0,0,0,0,0,0,0,0
25/05/2026,Soho Park,#D85A30,43,Dalma Soria,32.56,69466,22617,6,7,769091,500000,200000,0,0,0,69.58,95800,66659,460,86185010,71658303,12915715,0,0,0,0,0,0,0,0,0,0,0,0,0,0
25/05/2026,HJ Bahia Blanca,#8B6914,79,Verónica Sosa,12.82,126158,16174,7,8,2527943,1261577,1266366,0,0,0,1.63,132673,2166,28,6971911,4245545,2726366,0,0,0,0,0,0,0,0,0,0,0,0,0,0
24/05/2026,HJ Plaza La Ribera,#378ADD,104,Marisol Zabala,52.43,122049,63987,20,34,10754052,6590655,3952397,7642508,3703383,3888926,32.36,174359,56414,533,323980499,138440869,163782735,141777407,86218394,52626674,42.72,84168,35955,0,0,0,0.0,0,0,0,0
24/05/2026,Howard Johnson Cariló,#1D9E75,120,Soledad Luengo,21.37,101565,21702,5,11,3648015,2539131,1014669,24123638,29189603,0,16.18,116721,18890,307,207159882,53457989,130551273,54542976,21319014,31799901,40.0,70248,0,0,0,0,0.0,0,0,0,0
24/05/2026,Soho Park,#D85A30,43,Esteban Gonzalez,34.88,81558,28451,1,22,1245275,1223374,21901,0,0,0,71.12,96302,68494,411,85181085,70685783,12884310,0,0,0,0.0,0,0,0,0,0,0.0,0,0,0,0
24/05/2026,HJ Bahia Blanca,#8B6914,79,Verónica Sosa,12.99,144288,0,8,4,2064944,0,622066,0,0,0,1.17,135635,1586,21,4443969,2983969,1460000,0,0,0,0.0,0,0,11,1,0,12.66,0,0,0,0
23/05/2026,HJ Plaza La Ribera,#378ADD,104,Marisol Zabala,65.69,118440,77799,56,24,13350691,7935485,5365207,4699297,2110622,2511314,31.48,178176,56083,513,313226447,131850214,159830339,134134899,82515012,48737748,27.72,75379,20897,0,0,0,0.0,0,0,0,0
23/05/2026,Howard Johnson Cariló,#1D9E75,120,Soledad Luengo,26.5,94915,25148,16,1,20957298,2942355,11008331,1057050,669422,238868,15.96,117596,18768,302,203511866,50918858,129536603,30419337,19881343,9184182,14.12,55785,7876,0,0,0,0.0,0,0,0,0
23/05/2026,Soho Park,#D85A30,43,Esteban Gonzalez,83.72,89969,75323,21,4,3772942,3238892,534050,0,0,0,72.7,96610,70235,410,83935811,69462409,12862409,0,0,0,0.0,0,0,0,0,0,0.0,0,0,0,0
23/05/2026,HJ Bahia Blanca,#8B6914,79,Verónica Sosa,8.86,138605,0,7,5,1529572,0,559339,0,0,0,0.66,128424,854,13,2379024,1541091,837934,0,0,0,0.0,0,0,7,0,0,8.86,0,0,0,0
22/05/2026,HJ Plaza La Ribera,#378ADD,104,Marisol Zabala,34.31,118267,40582,22,34,22739278,4139342,12438595,6126578,3347768,2631165,29.92,184123,55098,457,299875756,123914729,154465132,129435602,80404390,46226434,38.84,83694,32503,0,0,0,0,0,0,0,0
22/05/2026,Howard Johnson Cariló,#1D9E75,120,Soledad Luengo,13.68,97138,13284,14,5,1877562,1554215,323347,163388,0,0,15.49,119345,18481,286,182554569,47976502,118528273,29362288,19211921,8945314,3.53,54463,119835,0,0,0,0.0,0,0,0,0
22/05/2026,Soho Park,#D85A30,43,Esteban Gonzalez,44.19,84294,37246,8,28,1832577,1601586,31653,0,0,0,72.2,96960,70004,389,80162869,66223517,12328360,0,0,0,0.0,0,0,0,0,0,0.0,0,0,0,0
22/05/2026,HJ Bahia Blanca,#8B6914,79,Verónica Sosa,5.06,115213,0,4,1,651101,0,190248,0,0,0,0.29,114171,331,6,849452,570857,278595,0,0,0,0.0,0,0,5,1,0,5.06,0,0,0,0
21/05/2026,HJ Plaza La Ribera,#378ADD,104,Marisol Zabala,47.06,122205,57508,24,11,11205858,5865833,3691157,4768109,3336586,1329256,29.72,187736,55787,435,277136477,119775388,142026537,123309024,77056622,43595269,41.18,79443,32712,0,0,0,0.0,0,0,0,0
21/05/2026,Howard Johnson Cariló,#1D9E75,120,Soledad Luengo,5.98,112161,6710,5,9,5125826,785124,3640702,308161,0,0,15.57,120265,18726,272,180677007,46422288,118204926,29198899,19092087,8945314,5.81,61632,194215,0,0,0,0.0,0,0,0,0
21/05/2026,Soho Park,#D85A30,43,Esteban Gonzalez,90.7,88012,79824,18,20,3790302,3432451,283471,0,0,0,73.53,97322,71564,381,78330291,64621932,12296707,0,0,0,0.0,0,0,0,0,0,0.0,0,0,0,0
20/05/2026,HJ Plaza La Ribera,#378ADD,104,Marisol Zabala,34.31,120220,41252,18,11,7775383,4207684,2737884,4214449,2790523,1401612,28.85,193067,55701,411,265930620,113909555,138335380,118540916,73720037,42266013,37.86,71552,27092,0,0,0,0.0,0,0,0,0
20/05/2026,Howard Johnson Cariló,#1D9E75,120,Soledad Luengo,9.4,103802,9759,8,3,1250909,1141818,109091,253942,0,0,16.05,120415,19321,267,175551180,45637164,114564223,28890738,18897872,8831368,4.65,63486,165289,0,0,0,0.0,0,0,0,0
20/05/2026,Soho Park,#D85A30,43,Esteban Gonzalez,93.02,177686,1,25,26,5592623,10,22,0,0,0,72.67,97903,71151,363,74539989,61189481,12013236,0,0,0,0.0,0,0,0,0,0,0.0,0,0,0,0
19/05/2026,HJ Plaza La Ribera,#378ADD,104,Marisol Zabala,27.45,116272,31918,13,10,7431651,3255618,3689091,2437833,1451792,963727,28.56,197661,56460,393,258155237,109701871,135597496,114326467,70929514,40864401,18.45,76410,14095,0,0,0,0.0,0,0,0,0
19/05/2026,Howard Johnson Cariló,#1D9E75,120,Soledad Luengo,5.13,104697,5369,5,0,638182,628182,52149,49628,0,0,16.39,120911,19820,259,174300271,44495345,114455132,28636796,18732582,8742715,0.0,60050,0,0,0,0,0.0,0,0,0,0
19/05/2026,Soho Park,#D85A30,43,Esteban Gonzalez,97.67,600000,600000,16,12,3843030,0,8,0,0,0,71.6,98331,70408,338,68947366,57523634,10180922,0,0,0,0.0,0,0,0,0,0,0.0,0,0,0,0
18/05/2026,HJ Plaza La Ribera,#378ADD,104,Marisol Zabala,24.51,119567,29306,18,10,4907875,2989164,1825455,2883706,1665359,1214215,28.63,201985,57820,380,250723585,106446253,131908405,111888634,69477722,39900674,18.63,87650,16327,0,0,0,0.0,0,0,0,0
18/05/2026,Howard Johnson Cariló,#1D9E75,120,Soledad Luengo,0.85,243388,0,0,2,1698635,0,0,1803099,421652,1381446,17.01,121180,20614,254,173662089,43867164,114402983,28587168,18732583,8693087,6.98,70275,4903,0,0,0,0.0,0,0,0,0
18/05/2026,Soho Park,#D85A30,43,Esteban Gonzalez,88.37,600000,600000,26,2,3465831,0,10,0,0,0,70.16,98939,69411,322,65104335,53723992,10137533,0,0,0,0.0,0,0,0,0,0,0.0,0,0,0,0
17/05/2026,HJ Plaza La Ribera,#378ADD,104,Marisol Zabala,16.67,118756,19793,8,16,2643146,2018849,624298,7418896,4177917,3059421,28.87,206090,59492,362,245815710,103457089,130082950,109004928,67812363,38686459,48.04,85264,40960,0,0,0,0.0,0,0,0,0
17/05/2026,Howard Johnson Cariló,#1D9E75,120,Soledad Luengo,2.56,81818,2098,3,7,263430,245455,27273,5138554,1954711,2687975,17.95,127458,22880,254,171963455,46012331,114646372,26784069,18310930,7311640,38.37,59234,22729,0,0,0,0.0,0,0,0,0
17/05/2026,Soho Park,#D85A30,43,Esteban Gonzalez,32.56,600000,600000,3,32,1228893,0,2,0,0,0,69.08,99622,68822,296,61638505,50308988,10119765,0,0,0,0.0,0,0,0,0,0,0.0,0,0,0,0
16/05/2026,HJ Plaza La Ribera,#378ADD,104,Marisol Zabala,29.41,127761,37577,15,30,6320738,3832821,2334959,4284247,2885334,1306033,29.97,213724,64047,344,239118078,98312861,128551545,96689300,60350996,34013756,32.35,87434,28288,0,0,0,0.0,0,0,0,0
16/05/2026,Howard Johnson Cariló,#1D9E75,120,Soledad Luengo,5.98,118300,7078,7,41,15172273,828099,10925992,266198,0,0,18.9,127840,24164,251,171700025,45766876,114619099,21645515,16356219,4623665,3.49,88733,90909,0,0,0,0.0,0,0,0,0
16/05/2026,Soho Park,#D85A30,43,Esteban Gonzalez,100.0,93283,93283,20,12,4211294,4011170,141446,0,0,0,71.37,99959,71337,293,60409611,49080095,10119765,0,0,0,0.0,0,0,0,0,0,0.0,0,0,0,0
15/05/2026,HJ Plaza La Ribera,#378ADD,104,Marisol Zabala,29.41,127761,37577,15,30,6320738,3832821,2334959,4284247,2885334,1306033,29.97,213724,64047,344,239118078,98312861,128551545,96689300,60350996,34013756,32.35,87434,28288,0,0,0,0.0,0,0,0,0
15/05/2026,Howard Johnson Cariló,#1D9E75,120,Soledad Luengo,33.33,198034,66011,16,4,51795749,7723311,42653430,303306,239835,63471,19.75,128031,25289,244,156527752,44938777,103693107,21379317,16265310,4427302,3.49,79945,2789,0,0,0,0.0,0,0,0,0
15/05/2026,Soho Park,#D85A30,43,Esteban Gonzalez,81.4,600000,2175000,32,39,5308106,0,10,0,0,0,69.46,100600,69874,273,56198317,45068925,9978318,0,0,0,0.0,0,0,0,0,0,0.0,0,0,0,0
14/05/2026,HJ Plaza La Ribera,#378ADD,104,Marisol Zabala,43.69,114146,49870,29,31,7177538,5136586,1839711,6273489,4903249,1342802,30.01,219721,65932,329,232797339,94480040,126216587,92405053,57465663,32707723,61.76,77829,48071,0,0,0,0.0,0,0,0,0
14/05/2026,Howard Johnson Cariló,#1D9E75,120,Soledad Luengo,24.58,149601,36766,3,14,4495625,4338435,157190,8876,8876,0,18.8,119280,22419,228,104732003,37215466,61039678,21076011,16025475,4363831,1.16,8876,103,0,0,0,0.0,0,0,0,0
14/05/2026,Soho Park,#D85A30,43,Esteban Gonzalez,97.67,115202,112523,24,25,8572962,4838499,3599504,0,0,0,68.6,100511,68955,241,50890211,41511025,8261170,0,0,0,0.0,0,0,0,0,0,0.0,0,0,0,0
13/05/2026,HJ Plaza La Ribera,#378ADD,104,Marisol Zabala,46.08,115781,53350,22,7,13391586,5441725,6007339,6007387,4285817,1713306,28.95,232061,67176,300,225619801,89343454,124376876,86131565,52562414,31364921,54.46,77924,42434,0,0,0,0.0,0,0,0,0
13/05/2026,Howard Johnson Cariló,#1D9E75,120,Soledad Luengo,33.9,151498,51355,35,1,30113609,6059923,20353686,877251,731962,145289,18.35,116173,21321,225,100236378,32877031,60882488,21084887,16034351,4363831,6.98,121994,8511,0,0,0,0.0,0,0,0,0
13/05/2026,Soho Park,#D85A30,43,Esteban Gonzalez,100.0,127404,127404,15,15,5800479,5478371,168884,0,0,0,66.37,98848,65604,217,42317249,36672526,4661665,0,0,0,0.0,0,0,0,0,0,0.0,0,0,0,0
12/05/2026,HJ Plaza La Ribera,#378ADD,104,Marisol Zabala,31.07,106715,33154,21,9,5513618,3414874,1853554,3877388,2701319,1176069,27.52,248230,68324,278,212228215,83901729,118369537,80124177,48276597,29651615,32.35,81858,26484,0,0,0,0.0,0,0,0,0
12/05/2026,Howard Johnson Cariló,#1D9E75,120,Soledad Luengo,5.08,149793,7617,1,2,906529,898760,7769,308317,216942,76074,17.06,110358,18832,190,70122769,26817108,40528802,20207636,15302389,4218541,3.49,72314,2523,0,0,0,0.0,0,0,0,0
12/05/2026,Soho Park,#D85A30,43,Esteban Gonzalez,100.0,119095,119095,17,16,5455127,5121078,144876,0,0,0,63.57,95104,60454,202,36516770,31194155,4492781,0,0,0,0.0,0,0,0,0,0,0.0,0,0,0,0
11/05/2026,HJ Plaza La Ribera,#378ADD,104,Marisol Zabala,19.61,120904,23707,18,6,3454798,2418071,1012231,2353874,1292084,983289,27.2,263029,71544,257,206714598,80486856,116515983,76246789,45575277,28475547,15.69,80755,12667,0,0,0,0.0,0,0,0,0
11/05/2026,Howard Johnson Cariló,#1D9E75,120,Soledad Luengo,5.93,525620,5216033,5,38,5576116,2,1,539752,423967,94711,18.15,109360,19846,189,69216240,25918347,40521033,19899319,15085447,4142467,5.81,84793,4930,0,0,0,0.0,0,0,0,0
11/05/2026,Soho Park,#D85A30,43,Esteban Gonzalez,97.67,116658,113945,40,10,5133362,4899643,109752,0,0,0,60.25,91484,55123,185,31061643,26073077,4347905,0,0,0,0.0,0,0,0,0,0,0.0,0,0,0,0
10/05/2026,HJ Plaza La Ribera,#378ADD,104,Marisol Zabala,7.84,135123,10598,6,15,1993629,1080985,912645,4569711,1818460,2585372,27.96,272968,76314,239,203259799,78068784,115503752,73892916,44283193,27492257,21.57,82657,17828,0,0,0,0.0,0,0,0,0
10/05/2026,Howard Johnson Cariló,#1D9E75,120,Soledad Luengo,33.9,66958,22698,18,23,4377893,2678306,1699587,2732793,1735124,997669,19.36,109433,21187,184,63640124,25169587,35813512,19359567,14661480,4047756,27.91,72297,20176,0,0,0,0.0,0,0,0,0
10/05/2026,Soho Park,#D85A30,43,Esteban Gonzalez,27.91,77514,21632,9,12,938511,930164,8347,0,0,0,56.51,87133,49241,145,25928281,21173434,4238153,0,0,0,0.0,0,0,0,0,0,0.0,0,0,0,0
09/05/2026,HJ Plaza La Ribera,#378ADD,104,Marisol Zabala,16.67,134566,22428,13,28,4763696,2287623,2211653,4187283,2421101,1579405,30.18,276935,83592,233,201266170,76987800,114591107,69323205,42464733,24906885,28.43,83486,23736,0,0,0,0.0,0,0,0,0
09/05/2026,Howard Johnson Cariló,#1D9E75,120,Soledad Luengo,38.14,66143,25224,37,0,4612232,2976446,1462231,2347089,1784197,478595,17.76,118375,21020,166,59262232,22491281,34113926,16626773,12926356,3050087,26.74,77574,20746,0,0,0,0.0,0,0,0,0
09/05/2026,Soho Park,#D85A30,43,Esteban Gonzalez,34.88,96100,33523,9,8,1517118,1441498,9504,0,0,0,59.69,87633,52308,136,24989769,20243269,4229806,0,0,0,0.0,0,0,0,0,0,0.0,0,0,0,0
08/05/2026,HJ Plaza La Ribera,#378ADD,104,Marisol Zabala,31.37,120911,37933,25,14,8265670,3869158,3614413,11227105,5232427,5519719,31.87,286208,91209,220,196502474,74700177,112379455,65135922,40043633,23327481,64.71,79279,51298,0,0,0,0.0,0,0,0,0
08/05/2026,Howard Johnson Cariló,#1D9E75,120,Soledad Luengo,6.72,74380,212893,9,4,680496,2,2,221983,155455,4545,15.23,134585,20499,129,54650000,19514835,32651694,14279684,11142159,2571492,2.33,77727,1808,0,0,0,0.0,0,0,0,0
08/05/2026,Soho Park,#D85A30,43,Esteban Gonzalez,32.56,74037,24105,8,17,1425773,1036516,310744,0,0,0,62.79,87045,54656,127,23472652,18801772,4220302,0,0,0,0.0,0,0,0,0,0,0.0,0,0,0,0
07/05/2026,HJ Plaza La Ribera,#378ADD,104,Marisol Zabala,20.59,121833,25083,13,40,4374481,2558489,1748967,7999171,4997475,2743195,31.94,309306,98788,195,188236804,70831019,108765041,53908817,34811205,17807762,64.71,75719,48995,0,0,0,0.0,0,0,0,0
07/05/2026,Howard Johnson Cariló,#1D9E75,120,Soledad Luengo,2.52,131295,3310,0,3,434215,393884,40331,461570,378595,82975,16.45,139729,22981,120,53969504,19142934,32343099,14057701,10986705,2566946,5.81,75719,4402,0,0,0,0.0,0,0,0,0
07/05/2026,Soho Park,#D85A30,43,Esteban Gonzalez,53.49,85000,88719,16,25,2694155,0,6,0,0,0,67.11,87947,59021,119,22046879,17765255,3909558,0,0,0,0.0,0,0,0,0,0,0.0,0,0,0,0
06/05/2026,HJ Plaza La Ribera,#378ADD,104,Marisol Zabala,47.06,117724,55400,30,13,14326782,5650773,7478636,6153481,3936242,2172612,33.82,328233,111012,182,183862323,68272529,107016074,45909646,29813730,15064566,47.57,80331,38216,0,0,0,0.0,0,0,0,0
06/05/2026,Howard Johnson Cariló,#1D9E75,120,Soledad Luengo,5.04,123058,2452466,3,0,14714793,70909,0,180165,119835,60331,18.77,139918,26259,120,53535289,18749050,32302769,13596131,10608110,2483971,2.33,59917,1393,0,0,0,0.0,0,0,0,0
06/05/2026,Soho Park,#D85A30,43,Esteban Gonzalez,72.09,80711,58187,11,14,3965603,2502041,1405711,0,0,0,69.38,87118,60442,103,19352724,15594042,3426616,0,0,0,0.0,0,0,0,0,0,0.0,0,0,0,0
05/05/2026,HJ Plaza La Ribera,#378ADD,104,Marisol Zabala,30.39,113357,34452,23,4,4954291,3514060,1181074,4561776,3051599,1475331,31.19,391386,122070,152,169535541,62621756,99537438,39756165,25877488,12891955,37.62,80305,30214,0,0,0,0.0,0,0,0,0
05/05/2026,Howard Johnson Cariló,#1D9E75,120,Soledad Luengo,2.52,0,0,0,3,11901,0,11901,338365,232414,105950,21.51,303285,4105165,117,38820496,0,2483471,13415965,10488275,2423640,2.33,116207,2702,0,0,0,0.0,0,0,0,0
05/05/2026,Soho Park,#D85A30,43,Esteban Gonzalez,81.4,85920,69935,12,12,4954706,3007189,1873136,0,0,0,68.84,88459,60893,92,15387121,13092001,2020905,0,0,0,0.0,0,0,0,0,0,0.0,0,0,0,0
04/05/2026,HJ Plaza La Ribera,#378ADD,104,Marisol Zabala,11.65,126979,14794,11,7,10201270,1523749,1564463,3898325,2498058,945041,31.39,458199,143814,129,164581250,59107696,98356364,35194389,22825889,11416624,25.49,96079,24491,0,0,0,0.0,0,0,0,0
04/05/2026,Howard Johnson Cariló,#1D9E75,120,Soledad Luengo,5.04,115998,2287720,7,0,13726322,77397,0,774385,631079,94132,26.26,310469,4105165,117,38808595,0,2483471,13077601,10255861,2317690,6.45,105180,6786,0,0,0,0.0,0,0,0,0
04/05/2026,Soho Park,#D85A30,43,Esteban Gonzalez,81.4,83091,67632,30,10,2960992,2908182,12810,0,0,0,65.7,89246,58633,80,10432415,10084812,147769,0,0,0,0.0,0,0,0,0,0,0.0,0,0,0,0
03/05/2026,HJ Plaza La Ribera,#378ADD,104,Marisol Zabala,7.84,106929,8387,8,5,1700971,855434,845537,11334232,7110557,3936762,37.99,492170,186961,118,154379980,57583947,96791901,31296064,20327832,10471583,74.51,93560,69711,0,0,0,0.0,0,0,0,0
03/05/2026,Howard Johnson Cariló,#1D9E75,120,Soledad Luengo,0.0,14876,125,0,4,7438,14876,7438,3482277,2260930,1087876,33.33,150495,50165,110,52534917,17908884,32142562,12303215,9624782,2223558,23.28,83738,19491,0,0,0,0.0,0,0,0,0
03/05/2026,Soho Park,#D85A30,43,Esteban Gonzalez,34.88,81702,28501,11,29,1287219,1225525,61694,0,0,0,60.47,92008,55633,50,7471424,7176630,134959,0,0,0,0.0,0,0,0,0,0,0.0,0,0,0,0
02/05/2026,HJ Plaza La Ribera,#378ADD,104,Marisol Zabala,4.9,280816,13766339,6,104,68831694,40188512,0,10846325,7720537,3038537,52.91,520445,275381,110,152679008,56728513,95946364,19961832,13217274,6534820,81.73,90830,74236,0,0,0,0.0,0,0,0,0
02/05/2026,Howard Johnson Cariló,#1D9E75,120,Soledad Luengo,3.36,525000,11062355,1,112,11222107,1,1,4309022,3437671,639864,50.0,150620,75310,110,52542355,17923760,32135124,8820938,7363851,1135682,26.72,110893,29635,0,0,0,0.0,0,0,0,0
02/05/2026,Soho Park,#D85A30,43,Esteban Gonzalez,74.42,94424,70269,12,11,3198125,3021554,73264,0,0,0,73.26,94462,69199,39,6184205,5951106,73264,0,0,0,0.0,0,0,0,0,0,0.0,0,0,0,0
01/05/2026,HJ Plaza La Ribera,#378ADD,104,Marisol Zabala,100.0,270051,270051,104,12,83847314,28085331,55757851,9115506,5496737,3496283,100.0,270051,270051,104,83847314,28085331,55757851,9115506,5496737,3496283,61.76,87250,53890,0,0,0,0.0,0,0,0,0
01/05/2026,Howard Johnson Cariló,#1D9E75,120,Soledad Luengo,96.64,150000,144958,109,1,41320248,17250000,21586777,4511916,3926180,495818,96.64,150000,144958,109,41320248,17250000,21586777,4511916,3926180,495818,29.31,115476,33846,0,0,0,0.0,0,0,0,0
01/05/2026,Soho Park,#D85A30,43,Esteban Gonzalez,72.09,94502,68129,27,14,2986080,2929551,0,0,0,0,72.09,94502,68129,27,2986080,2929551,0,0,0,0,0.0,0,0,0,0,0,0.0,0,0,0,0
30/04/2026,HJ Plaza La Ribera,#378ADD,104,Sofia Torres,11.54,111909,12913,8,19,2572250,1342911,1226033,7103567,4504922,2506223,36.58,123715,45259,775,236575354,138808261,86153996,183116567,109604893,69178486,55.77,77671,43317,0,0,0,0,0,0,0,0
30/04/2026,Howard Johnson Cariló,#1D9E75,120,Ramiro Saravia,5.93,128571,7627,6,7,500000,400000,100000,180165,119835,60331,36.52,56095,20486,0,103249404,72194007,27348579,13596131,10608110,2483971,11.21,107578,12056,0,0,0,0,0,0,0,0
30/04/2026,Soho Park,#D85A30,43,Esteban Gonzalez,44.19,78900,34863,12,28,2172344,2141352,30000,0,0,0,54.11,88442,47854,0,67500898,61732189,4697761,0,0,0,0,0,0,0,0,0,0,0,0,0,0
29/04/2026,Soho Park,#D85A30,43,Esteban Gonzalez,79.07,81886,64747,23,19,2811413,2784140,27273,0,0,0,54.45,88709,48302,412,65843782,60233089,4539744,0,0,0,0.0,0,0,0,0,0,0.0,0,0,0,0
28/04/2026,Soho Park,#D85A30,43,Esteban Gonzalez,72.09,85291,61489,20,8,2681207,2644017,12397,0,0,0,53.57,89068,47715,389,63032369,57448949,4512472,0,0,0,0.0,0,0,0,0,0,0.0,0,0,0,0
27/04/2026,Soho Park,#D85A30,43,Esteban Gonzalez,44.19,86279,38123,13,5,1665748,1639301,26446,0,0,0,52.89,89259,47205,369,60351162,54804932,4500075,0,0,0,0.0,0,0,0,0,0,0.0,0,0,0,0
26/04/2026,Soho Park,#D85A30,43,Esteban Gonzalez,25.58,81255,20786,6,14,917357,893804,11157,0,0,0,53.22,89354,47554,356,58685414,53165631,4473629,0,0,0,0.0,0,0,0,0,0,0.0,0,0,0,0
25/04/2026,Soho Park,#D85A30,43,Esteban Gonzalez,44.19,86055,38024,12,5,1965782,1635038,279835,0,0,0,54.33,89507,48625,350,57768057,52271827,4462472,0,0,0,0.0,0,0,0,0,0,0.0,0,0,0,0
24/04/2026,Soho Park,#D85A30,43,Esteban Gonzalez,27.91,82221,22945,5,30,1025490,986647,9917,0,0,0,54.75,89623,49067,338,55802275,50636789,4182637,0,0,0,0.0,0,0,0,0,0,0.0,0,0,0,0
23/04/2026,Soho Park,#D85A30,43,Esteban Gonzalez,86.05,89175,76732,21,26,3390807,3299484,87851,0,0,0,55.92,89783,50202,333,54776785,49650142,4172720,0,0,0,0.0,0,0,0,0,0,0.0,0,0,0,0
22/04/2026,Soho Park,#D85A30,43,Esteban Gonzalez,95.35,89401,85243,30,10,3666494,3665436,27207,0,0,0,54.55,89827,48996,312,51385978,46350658,4084868,0,0,0,0.0,0,0,0,0,0,0.0,0,0,0,0
21/04/2026,Soho Park,#D85A30,43,Esteban Gonzalez,46.51,58333,58333,14,13,1757613,2,6,0,0,0,52.6,89864,47270,282,47719484,42685221,4112075,0,0,0,0.0,0,0,0,0,0,0.0,0,0,0,0
20/04/2026,Soho Park,#D85A30,43,Esteban Gonzalez,48.84,93655,45738,16,7,2925647,1966746,847331,0,0,0,52.91,90078,47658,268,45961871,40985625,4074058,0,0,0,0.0,0,0,0,0,0,0.0,0,0,0,0
19/04/2026,Soho Park,#D85A30,43,Esteban Gonzalez,27.91,83760,23375,9,9,1027025,1005124,21901,0,0,0,53.12,89905,47759,252,43036223,39018878,3226728,0,0,0,0.0,0,0,0,0,0,0.0,0,0,0,0
18/04/2026,Soho Park,#D85A30,43,Esteban Gonzalez,27.91,101765,28400,11,15,1420437,1221181,170331,0,0,0,54.52,90080,49113,243,42009198,38013754,3204827,0,0,0,0.0,0,0,0,0,0,0.0,0,0,0,0
17/04/2026,Soho Park,#D85A30,43,Esteban Gonzalez,37.21,92591,34452,13,30,1660548,1481457,139091,0,0,0,56.09,89738,50332,232,40588761,36792573,3034496,0,0,0,0.0,0,0,0,0,0,0.0,0,0,0,0
16/04/2026,Soho Park,#D85A30,43,Esteban Gonzalez,76.74,104630,80298,23,20,3837352,3452794,430800,0,0,0,57.27,89622,51324,219,38928213,35311116,2895405,0,0,0,0.0,0,0,0,0,0,0.0,0,0,0,0
15/04/2026,Soho Park,#D85A30,43,Esteban Gonzalez,69.77,84299,58813,21,12,3808845,2528969,1279876,0,0,0,55.97,88250,49393,196,35090861,31858322,2464605,0,0,0,0.0,0,0,0,0,0,0.0,0,0,0,0
14/04/2026,Soho Park,#D85A30,43,Esteban Gonzalez,48.84,85962,41982,14,4,1848847,1805211,43636,0,0,0,54.98,88608,48720,175,31282016,29329353,1184729,0,0,0,0.0,0,0,0,0,0,0.0,0,0,0,0
13/04/2026,Soho Park,#D85A30,43,Esteban Gonzalez,25.58,78185,20001,8,7,1231849,860039,91810,0,0,0,55.46,88788,49238,161,29433169,27524142,1141093,0,0,0,0.0,0,0,0,0,0,0.0,0,0,0,0
12/04/2026,Soho Park,#D85A30,43,Esteban Gonzalez,23.26,95434,22194,2,33,979136,954343,24793,0,0,0,57.95,89178,51675,153,28201320,26664103,1049283,0,0,0,0.0,0,0,0,0,0,0.0,0,0,0,0
11/04/2026,Soho Park,#D85A30,43,Esteban Gonzalez,95.35,97118,92601,9,10,4056556,3981845,74711,0,0,0,61.1,88961,54355,151,27222184,25709761,1024490,0,0,0,0.0,0,0,0,0,0,0.0,0,0,0,0
10/04/2026,Soho Park,#D85A30,43,Esteban Gonzalez,97.67,96005,93772,15,16,4143535,4032212,82397,0,0,0,57.67,87613,50530,142,23165629,21727916,949779,0,0,0,0.0,0,0,0,0,0,0.0,0,0,0,0
09/04/2026,Soho Park,#D85A30,43,Esteban Gonzalez,100.0,89322,89322,35,18,4124611,3840844,192857,0,0,0,53.23,85901,45725,127,19022094,17695704,867382,0,0,0,0.0,0,0,0,0,0,0.0,0,0,0,0
08/04/2026,Soho Park,#D85A30,43,Esteban Gonzalez,60.47,87178,52712,8,15,2290171,2266617,23554,0,0,0,47.38,84999,40276,92,14897483,13854859,674525,0,0,0,0.0,0,0,0,0,0,0.0,0,0,0,0
07/04/2026,Soho Park,#D85A30,43,Esteban Gonzalez,74.42,86110,64082,18,9,2894142,2755506,138636,0,0,0,45.51,170000,170000,84,12607312,2,56,0,0,0,0.0,0,0,0,0,0,0.0,0,0,0,0
06/04/2026,Soho Park,#D85A30,43,Esteban Gonzalez,55.81,82291,45930,21,2,2033177,1974995,57851,0,0,0,40.7,170000,170000,66,9713171,1,49,0,0,0,0.0,0,0,0,0,0,0.0,0,0,0,0
05/04/2026,Soho Park,#D85A30,43,Esteban Gonzalez,11.63,78479,9125,2,18,475205,392395,82810,0,0,0,37.67,170000,170000,45,7679993,1,43,0,0,0,0.0,0,0,0,0,0,0.0,0,0,0,0
04/04/2026,Soho Park,#D85A30,43,Esteban Gonzalez,48.84,92748,45295,6,7,1998917,1947698,51219,0,0,0,44.19,170000,170000,43,7204789,1,41,0,0,0,0.0,0,0,0,0,0,0.0,0,0,0,0
03/04/2026,Soho Park,#D85A30,43,Esteban Gonzalez,51.16,90649,46378,8,11,2110384,1994269,8678,0,0,0,42.64,170000,170000,37,5205872,1,29,0,0,0,0.0,0,0,0,0,0,0.0,0,0,0,0
02/04/2026,Soho Park,#D85A30,43,Esteban Gonzalez,58.14,170000,170000,22,6,2281763,0,12,0,0,0,38.37,170000,170000,29,3095488,1,16,0,0,0,0.0,0,0,0,0,0,0.0,0,0,0,0
01/04/2026,Soho Park,#D85A30,43,Esteban Gonzalez,18.6,61984,11532,7,17,813725,495874,260000,0,0,0,18.6,61984,11532,7,813725,495874,260000,0,0,0,0.0,0,0,0,0,0,0.0,0,0,0,0
31/03/2026,Soho Park,#D85A30,43,Esteban Gonzalez,44.19,84134,37175,14,22,1695314,1598537,96777,0,0,0,51.09,83441,42628,434,64969269,56823053,6665105,0,0,0,0.0,0,0,0,0,0,0.0,0,0,0,0
30/03/2026,Soho Park,#D85A30,43,Esteban Gonzalez,62.79,86223,54140,24,5,3202985,2328013,77521,0,0,0,51.32,83421,42810,420,63273955,55224516,6568328,0,0,0,0.0,0,0,0,0,0,0.0,0,0,0,0
29/03/2026,Soho Park,#D85A30,43,Esteban Gonzalez,18.6,61927,11521,3,26,525085,495415,17273,0,0,0,50.92,83302,42419,396,60070970,52896503,6490807,0,0,0,0.0,0,0,0,0,0,0.0,0,0,0,0
28/03/2026,Soho Park,#D85A30,43,Esteban Gonzalez,72.09,515000,515000,23,7,2567856,0,9,0,0,0,52.08,83574,43523,393,59545885,52401088,6473535,0,0,0,0.0,0,0,0,0,0,0.0,0,0,0,0
27/03/2026,Soho Park,#D85A30,43,Esteban Gonzalez,34.88,79931,27883,8,21,1433598,1198969,174628,0,0,0,51.34,83795,43016,370,56978029,49942075,6364692,0,0,0,0.0,0,0,0,0,0,0.0,0,0,0,0
26/03/2026,Soho Park,#D85A30,43,Esteban Gonzalez,65.12,79854,51998,21,12,2446818,2235921,210897,0,0,0,51.97,83895,43598,362,55544432,48743105,6190064,0,0,0,0.0,0,0,0,0,0,0.0,0,0,0,0
25/03/2026,Soho Park,#D85A30,43,Esteban Gonzalez,44.19,197721,87365,14,5,1638997,3756708,960417,0,0,0,51.44,84100,43263,341,53097614,46507184,5979167,0,0,0,0.0,0,0,0,0,0,0.0,0,0,0,0
24/03/2026,Soho Park,#D85A30,43,Esteban Gonzalez,23.26,83719,0,5,20,969401,4,0,0,0,0,51.74,80057,41425,327,51458616,42750476,6939584,0,0,0,0.0,0,0,0,0,0,0.0,0,0,0,0
23/03/2026,Soho Park,#D85A30,43,Esteban Gonzalez,23.26,83719,0,5,20,969401,4,0,0,0,0,51.74,80057,41425,327,51458616,42750476,6939584,0,0,0,0.0,0,0,0,0,0,0.0,0,0,0,0
22/03/2026,Soho Park,#D85A30,43,Esteban Gonzalez,58.14,390000,422810,15,24,2315107,0,14,0,0,0,52.75,80009,42203,307,48288094,39924458,6869873,0,0,0,0.0,0,0,0,0,0,0.0,0,0,0,0
21/03/2026,Soho Park,#D85A30,43,Esteban Gonzalez,79.07,82262,65044,29,7,5003547,2796891,2127355,0,0,0,52.49,79508,41735,292,45972987,37686789,6817229,0,0,0,0.0,0,0,0,0,0,0.0,0,0,0,0
20/03/2026,Soho Park,#D85A30,43,Esteban Gonzalez,27.91,86415,24116,8,25,1064259,1036986,14876,0,0,0,51.16,304793,337809,263,40969441,5,208,0,0,0,0.0,0,0,0,0,0,0.0,0,0,0,0
19/03/2026,Soho Park,#D85A30,43,Esteban Gonzalez,67.44,81743,55129,12,16,3061076,2370539,165744,0,0,0,52.39,304793,337809,255,39905182,5,200,0,0,0,0.0,0,0,0,0,0,0.0,0,0,0,0
18/03/2026,Soho Park,#D85A30,43,Esteban Gonzalez,69.77,81469,56839,17,25,2598793,2444082,23554,0,0,0,51.55,304793,337809,243,36844106,5,194,0,0,0,0.0,0,0,0,0,0,0.0,0,0,0,0
17/03/2026,Soho Park,#D85A30,43,Esteban Gonzalez,95.35,84288,80368,25,15,3615870,3455826,118722,0,0,0,50.48,304793,337809,226,34245313,2,182,0,0,0,0.0,0,0,0,0,0,0.0,0,0,0,0
16/03/2026,Soho Park,#D85A30,43,Esteban Gonzalez,72.09,81107,58472,26,2,3018270,2514303,466777,0,0,0,47.67,304793,337809,201,30629443,2,165,0,0,0,0.0,0,0,0,0,0,0.0,0,0,0,0
15/03/2026,Soho Park,#D85A30,43,Esteban Gonzalez,16.28,76057,12381,2,21,2177933,532396,1645537,0,0,0,46.05,304793,337809,175,27611172,2,152,0,0,0,0.0,0,0,0,0,0,0.0,0,0,0,0
14/03/2026,Soho Park,#D85A30,43,Esteban Gonzalez,60.47,81179,49085,17,5,4021434,2110653,1675244,0,0,0,48.17,304793,337809,173,25433239,2,149,0,0,0,0.0,0,0,0,0,0,0.0,0,0,0,0
13/03/2026,Soho Park,#D85A30,43,Esteban Gonzalez,32.56,76283,24836,10,18,1083246,1067956,15289,0,0,0,47.23,304793,337809,156,21411805,2,131,0,0,0,0.0,0,0,0,0,0,0.0,0,0,0,0
12/03/2026,Soho Park,#D85A30,43,Esteban Gonzalez,51.16,79877,40867,8,12,1917205,1757288,61736,0,0,0,48.45,304793,337809,146,20328559,2,123,0,0,0,0.0,0,0,0,0,0,0.0,0,0,0,0
11/03/2026,Soho Park,#D85A30,43,Esteban Gonzalez,58.14,73004,42444,9,11,1991432,1825110,137397,0,0,0,48.2,304793,337809,138,18411354,2,111,0,0,0,0.0,0,0,0,0,0,0.0,0,0,0,0
10/03/2026,Soho Park,#D85A30,43,Esteban Gonzalez,65.12,72737,47364,16,18,2150931,2036633,52314,0,0,0,47.21,304793,337809,129,16419922,1,101,0,0,0,0.0,0,0,0,0,0,0.0,0,0,0,0
09/03/2026,Soho Park,#D85A30,43,Esteban Gonzalez,69.77,73937,51584,23,10,2319027,2218118,75289,0,0,0,45.22,304793,337809,113,14268992,1,90,0,0,0,0.0,0,0,0,0,0,0.0,0,0,0,0
08/03/2026,Soho Park,#D85A30,43,Esteban Gonzalez,39.53,65413,25861,12,18,1119463,1112025,7438,0,0,0,42.15,304793,337809,90,11949965,1,70,0,0,0,0.0,0,0,0,0,0,0.0,0,0,0,0
07/03/2026,Soho Park,#D85A30,43,Esteban Gonzalez,53.49,310000,310000,21,6,1714928,0,14,0,0,0,42.52,304793,337809,78,10830502,1,62,0,0,0,0.0,0,0,0,0,0,0.0,0,0,0,0
06/03/2026,Soho Park,#D85A30,43,Esteban Gonzalez,18.6,75742,139818,5,10,605933,0,466116,0,0,0,40.7,83594,34021,57,9115574,8777352,218800,0,0,0,0.0,0,0,0,0,0,0.0,0,0,0,0
05/03/2026,Soho Park,#D85A30,43,Esteban Gonzalez,30.23,116026,35078,7,16,1608003,1508334,50083,0,0,0,45.12,89047,40175,52,8509640,8637534,218800,0,0,0,0.0,0,0,0,0,0,0.0,0,0,0,0
04/03/2026,Soho Park,#D85A30,43,Esteban Gonzalez,48.84,81629,39865,10,11,1823373,1714199,96777,0,0,0,48.84,84871,41449,45,6901637,7129201,168718,0,0,0,0.0,0,0,0,0,0,0.0,0,0,0,0
03/03/2026,Soho Park,#D85A30,43,Esteban Gonzalez,53.49,80890,43267,9,8,1901372,1860463,40909,0,0,0,48.84,85952,41977,35,5078264,5415001,71941,0,0,0,0.0,0,0,0,0,0,0.0,0,0,0,0
02/03/2026,Soho Park,#D85A30,43,Esteban Gonzalez,51.16,98630,50462,16,12,1750067,2169862,11117,0,0,0,46.51,88863,41332,26,3176893,3554539,31032,0,0,0,0.0,0,0,0,0,0,0.0,0,0,0,0
01/03/2026,Soho Park,#D85A30,43,Esteban Gonzalez,41.86,76926,32202,10,22,1426825,1384677,42149,0,0,0,41.86,76926,32202,10,1426825,1384677,42149,0,0,0,0.0,0,0,0,0,0,0.0,0,0,0,0
28/02/2026,Soho Park,#D85A30,43,Esteban Gonzalez,67.44,77293,52128,23,12,2422916,2241511,86364,0,0,0,51.34,84118,43190,397,65254668,51396178,11851236,0,0,0,0.0,0,0,0,0,0,0.0,0,0,0,0
27/02/2026,Soho Park,#D85A30,43,Esteban Gonzalez,41.86,510000,520744,15,14,2130601,1,7,0,0,0,50.74,84458,42855,374,62831752,49154667,11764873,0,0,0,0.0,0,0,0,0,0,0.0,0,0,0,0
26/02/2026,Soho Park,#D85A30,43,Esteban Gonzalez,41.86,82056,34349,6,19,1569569,1477007,92562,0,0,0,51.09,83912,42868,359,60701151,47326327,11737170,0,0,0,0.0,0,0,0,0,0,0.0,0,0,0,0
25/02/2026,Soho Park,#D85A30,43,Esteban Gonzalez,72.09,80286,57880,20,13,2604639,2488854,65289,0,0,0,51.46,83973,43213,353,59131582,45849320,11644608,0,0,0,0.0,0,0,0,0,0,0.0,0,0,0,0
24/02/2026,Soho Park,#D85A30,43,Esteban Gonzalez,55.81,84789,47324,12,8,2174365,2034943,89835,0,0,0,50.59,84195,42594,333,56526944,43360467,11579319,0,0,0,0.0,0,0,0,0,0,0.0,0,0,0,0
23/02/2026,Soho Park,#D85A30,43,Esteban Gonzalez,46.51,268099,272645,13,22,1907986,0,14,0,0,0,50.36,84166,42385,321,54352579,41325523,11489484,0,0,0,0.0,0,0,0,0,0,0.0,0,0,0,0
22/02/2026,Soho Park,#D85A30,43,Esteban Gonzalez,67.44,84201,56787,14,28,2513309,2441822,71488,0,0,0,50.54,83857,42379,308,52444592,39496876,11467997,0,0,0,0.0,0,0,0,0,0,0.0,0,0,0,0
21/02/2026,Soho Park,#D85A30,43,Esteban Gonzalez,100.0,76056,76056,17,15,7172675,3270415,3478541,0,0,0,49.72,83835,41682,294,49931283,37055054,11396509,0,0,0,0.0,0,0,0,0,0,0.0,0,0,0,0
20/02/2026,Soho Park,#D85A30,43,Esteban Gonzalez,93.02,63785,59335,36,19,7479237,2551419,4903025,0,0,0,47.16,84673,39935,277,42758608,33784639,7917968,0,0,0,0.0,0,0,0,0,0,0.0,0,0,0,0
19/02/2026,Soho Park,#D85A30,43,Esteban Gonzalez,55.81,225000,225000,12,9,1967325,0,12,0,0,0,44.71,87001,38896,241,35279371,31233220,3014943,0,0,0,0.0,0,0,0,0,0,0.0,0,0,0,0
18/02/2026,Soho Park,#D85A30,43,Esteban Gonzalez,46.51,225000,225000,17,5,1696042,1,8,0,0,0,44.08,87573,38601,229,33312046,29336987,2992778,0,0,0,0.0,0,0,0,0,0,0.0,0,0,0,0
17/02/2026,Soho Park,#D85A30,43,Esteban Gonzalez,20.93,67977,14228,8,6,622540,611796,10744,0,0,0,43.93,88148,38726,212,31616004,27766564,2941538,0,0,0,0.0,0,0,0,0,0,0.0,0,0,0,0
16/02/2026,Soho Park,#D85A30,43,Esteban Gonzalez,16.28,80604,13122,5,13,607326,564227,38967,0,0,0,45.4,88741,40289,204,30993464,27154768,2930794,0,0,0,0.0,0,0,0,0,0,0.0,0,0,0,0
15/02/2026,Soho Park,#D85A30,43,Esteban Gonzalez,34.88,86387,30135,12,35,1471013,1295807,100826,0,0,0,47.39,88932,42140,199,30386137,26590541,2891827,0,0,0,0.0,0,0,0,0,0,0.0,0,0,0,0
14/02/2026,Soho Park,#D85A30,43,Esteban Gonzalez,83.72,83176,69636,33,12,6049909,2994330,2382438,0,0,0,48.3,89066,43018,187,28915124,25294734,2791001,0,0,0,0.0,0,0,0,0,0,0.0,0,0,0,0
13/02/2026,Soho Park,#D85A30,43,Esteban Gonzalez,37.21,134143,49914,15,17,1424808,2146294,337983,0,0,0,45.5,89921,40918,154,22865215,22300404,408563,0,0,0,0.0,0,0,0,0,0,0.0,0,0,0,0
12/02/2026,Soho Park,#D85A30,43,Esteban Gonzalez,44.19,107628,47556,8,13,1743288,2044924,122628,0,0,0,46.22,86871,40148,139,21440407,20154110,746546,0,0,0,0.0,0,0,0,0,0,0.0,0,0,0,0
11/02/2026,Soho Park,#D85A30,43,Esteban Gonzalez,58.54,87429,51178,7,15,2145247,2098305,34545,0,0,0,46.41,85020,39454,131,19697120,18109186,869174,0,0,0,0.0,0,0,0,0,0,0.0,0,0,0,0
10/02/2026,Soho Park,#D85A30,43,Esteban Gonzalez,76.19,85071,64816,16,4,3223582,2722260,132893,0,0,0,45.22,84714,38304,124,17551872,16010881,834628,0,0,0,0.0,0,0,0,0,0,0.0,0,0,0,0
09/02/2026,Soho Park,#D85A30,43,Esteban Gonzalez,47.62,70000,70000,14,12,1861375,0,10,0,0,0,41.76,84641,35342,108,14328290,13288621,701736,0,0,0,0.0,0,0,0,0,0,0.0,0,0,0,0
08/02/2026,Soho Park,#D85A30,43,Esteban Gonzalez,42.86,390000,459008,9,31,1804865,0,6,0,0,0,41.02,83776,34363,94,12466915,11477246,676529,0,0,0,0.0,0,0,0,0,0,0.0,0,0,0,0
07/02/2026,Soho Park,#D85A30,43,Esteban Gonzalez,95.24,86657,82530,36,5,3650730,3466267,151405,0,0,0,40.75,83924,34202,85,10662050,9987009,440827,0,0,0,0.0,0,0,0,0,0,0.0,0,0,0,0
06/02/2026,Soho Park,#D85A30,43,Esteban Gonzalez,21.43,93320,19997,4,11,863847,839880,11570,0,0,0,31.6,82541,26083,49,7011320,6520742,289422,0,0,0,0.0,0,0,0,0,0,0.0,0,0,0,0
05/02/2026,Soho Park,#D85A30,43,Esteban Gonzalez,38.1,83153,31677,6,10,1423829,1330441,56198,0,0,0,33.65,81155,27312,45,6147473,5680861,277851,0,0,0,0.0,0,0,0,0,0,0.0,0,0,0,0
04/02/2026,Soho Park,#D85A30,43,Esteban Gonzalez,45.24,83498,37773,8,7,1719265,1586455,83223,0,0,0,32.53,80563,26207,39,4723644,4350420,221653,0,0,0,0.0,0,0,0,0,0,0.0,0,0,0,0
03/02/2026,Soho Park,#D85A30,43,Esteban Gonzalez,46.34,74715,34624,16,9,1539503,1419585,45537,0,0,0,28.23,78970,22290,31,3004378,2763965,138430,0,0,0,0.0,0,0,0,0,0,0.0,0,0,0,0
02/02/2026,Soho Park,#D85A30,43,Esteban Gonzalez,24.39,83308,20319,11,5,883821,833077,10744,0,0,0,19.28,84024,16197,15,1464876,1344380,92893,0,0,0,0.0,0,0,0,0,0,0.0,0,0,0,0
01/02/2026,Soho Park,#D85A30,43,Esteban Gonzalez,14.29,85217,12174,4,16,581055,511303,82149,0,0,0,14.29,85217,12174,4,581055,511303,82149,0,0,0,0.0,0,0,0,0,0,0.0,0,0,0,0
